{
  "vocab_size": 10000,
  "context_length": 256,
  "d_model": 512,
  "num_layers": 4,
  "num_heads": 16,
  "d_ff": 1344,
  "rope_theta": 10000.0,
  "batch_size": 64,
  "total_steps": 10000,
  "processed_tokens": 163840000,
  "final_val_loss": 1.5197054147720337,
  "total_training_time_sec": 1427.2041117697954,
  "device": "cuda"
}