{
  "input_path": "data/owt_train.txt",
  "workers": 16,
  "requested_vocab_size": 32000,
  "vocab_size": 32000,
  "merge_count": 31743,
  "special_tokens": [
    "<|endoftext|>"
  ],
  "training_seconds": 13430.185637936927,
  "elapsed_seconds": 13430.185637936927,
  "peak_process_rss_bytes": 6881800192,
  "longest_token_id": 25822,
  "longest_token_hex": "c383c382c383c382c383c382c383c382c383c382c383c382c383c382c383c382c383c382c383c382c383c382c383c382c383c382c383c382c383c382c383c382",
  "longest_token_utf8": "횄횂횄횂횄횂횄횂횄횂횄횂횄횂횄횂횄횂횄횂횄횂횄횂횄횂횄횂횄횂횄횂",
  "longest_token_bytes": 64
}