{
  "best_validation_iteration": 1000,
  "best_validation_loss": 1.7402598857879639,
  "final_iteration": 1000,
  "final_train_loss": 1.7097655534744263,
  "final_validation_loss": 1.7402598857879639,
  "has_non_finite_metric": false,
  "process_elapsed_seconds": 330.93186984490603,
  "processed_tokens": 65536000,
  "run_name": "lr_1e-3",
  "status": "completed",
  "training_elapsed_seconds": 327.35183245968074
}
