{
  "input_bytes": 11920511059,
  "vocab_size": 32000,
  "num_merges": 31743,
  "wall_clock_sec": 6015.025536535308,
  "peak_rss_mb": 101534.6953125,
  "longest_token_bytes": [
    195,
    131,
    195,
    130,
    195,
    131,
    195,
    130,
    195,
    131,
    195,
    130,
    195,
    131,
    195,
    130,
    195,
    131,
    195,
    130,
    195,
    131,
    195,
    130,
    195,
    131,
    195,
    130,
    195,
    131,
    195,
    130,
    195,
    131,
    195,
    130,
    195,
    131,
    195,
    130,
    195,
    131,
    195,
    130,
    195,
    131,
    195,
    130,
    195,
    131,
    195,
    130,
    195,
    131,
    195,
    130,
    195,
    131,
    195,
    130,
    195,
    131,
    195,
    130
  ],
  "longest_token_length": 64
}