source,status,model_size,batch_size,context_length,mode,dtype,autocast,warmup_steps,measurement_steps,mean_ms,std_ms,cv,peak_allocated_mib,peak_reserved_mib,raw_timings_ms,error
baseline_forward.json,complete,small,4,512,forward,fp32,False,5,10,41.25102236866951,1.7532392609172516,0.042501716569547404,880.5771484375,960.0,"[43.0484376847744,39.765290915966034,39.567433297634125,42.91216656565666,42.834147810935974,43.05838793516159,42.47599095106125,40.55943340063095,39.1983799636364,39.09055516123772]",
baseline_forward_backward.json,complete,small,4,512,forward_backward,fp32,False,5,10,101.79863721132278,0.7157610415432216,0.007031145614035877,4737.94970703125,4984.0,"[101.57215967774391,101.37181729078293,101.8659770488739,101.75944864749908,102.67918929457664,103.27336192131042,102.07337141036987,101.07523575425148,101.13301128149033,101.18279978632927]",
baseline_train_step.json,complete,small,4,512,train_step,fp32,False,5,10,107.892682030797,0.44128757588764844,0.004090060304198267,5736.14306640625,6026.0,"[107.58157446980476,107.68774896860123,108.96042734384537,107.88323357701302,107.89675265550613,107.53358528017998,108.22547599673271,107.57942870259285,107.55009576678276,108.02849754691124]",
train_step_warmup_0.json,complete,small,4,512,train_step,fp32,False,0,10,142.27582216262817,105.17193610847706,0.7392115857061112,5736.14306640625,6026.0,"[441.56285747885704,113.38505893945694,107.66755789518356,108.51278528571129,109.04820263385773,108.59929770231247,109.87655445933342,108.02844911813736,108.10867324471474,107.9687848687172]",
train_step_warmup_5.json,complete,small,4,512,train_step,fp32,False,5,10,108.23080129921436,1.0610835411017736,0.009803896195578438,5736.14306640625,6026.0,"[109.9923737347126,107.56340250372887,107.22494125366211,110.33686250448227,108.19220915436745,108.1002838909626,107.9668402671814,107.57467523217201,107.74093121290207,107.61549323797226]",
