file,status,model_size,mode,dtype,batch_size,context_length,warmup,steps,mean_ms,sample_std_ms,cv,min_ms,max_ms,raw_timings_ms,peak_allocated_mib,peak_reserved_mib,error
small_forward_backward_warmup5.json,success,small,forward_backward,fp32,4,512,5,10,78.94709873944521,0.26715706344417256,0.003384001029928791,78.59137281775475,79.51736450195312,"[78.81556358188391, 78.59137281775475, 78.88679392635822, 78.69565021246672, 79.0149001404643, 78.8473766297102, 79.11303825676441, 79.51736450195312, 79.16750013828278, 78.82142718881369]",4157.551,4288.0,
small_forward_warmup5.json,success,small,forward,fp32,4,512,5,10,24.21143902465701,0.06225513510271423,0.0025713108187957515,24.146570824086666,24.329910054802895,"[24.329910054802895, 24.268489331007004, 24.26946349442005, 24.246707558631897, 24.146570824086666, 24.17425997555256, 24.175170809030533, 24.18343722820282, 24.155830964446068, 24.164550006389618]",728.702,894.0,
small_train_step_warmup0.json,success,small,train_step,fp32,4,512,0,10,126.11649632453918,118.6554491704135,0.9408400378097568,88.23578618466854,463.812954723835,"[463.812954723835, 89.93802592158318, 88.53544108569622, 88.33529241383076, 88.40856328606606, 88.23578618466854, 88.39505445212126, 88.42362370342016, 88.39869499206543, 88.68152648210526]",5155.057,5536.0,
small_train_step_warmup5.json,success,small,train_step,fp32,4,512,5,10,88.67083676159382,0.18932350314380314,0.0021351270615933243,88.49414344877005,89.00133892893791,"[88.51059060543776, 88.53662200272083, 88.49414344877005, 88.65064661949873, 88.55588734149933, 88.77965062856674, 89.00133892893791, 88.70293386280537, 88.96505646407604, 88.51149771362543]",5157.713,5536.0,
