{
  "best_validation_iteration": 4900,
  "best_validation_loss": 1.3597984313964844,
  "final_iteration": 5000,
  "final_train_loss": 1.350327968597412,
  "final_validation_loss": 1.3598681688308716,
  "has_non_finite_metric": false,
  "process_elapsed_seconds": 1558.862695056945,
  "processed_tokens": 327680000,
  "run_name": "ablation_post_norm",
  "status": "completed",
  "training_elapsed_seconds": 1555.67355937697
}
