{
  "format": "cs336-toy-sgd-v1",
  "runs": [
    {
      "final_forward_loss": 21.7398738861084,
      "initial_learning_rate": 1.0,
      "initial_loss": 26.271400451660156,
      "iterations": 10,
      "loss_before_each_update": [
        26.271400451660156,
        25.231054306030273,
        24.5224609375,
        23.959409713745117,
        23.482616424560547,
        23.064424514770508,
        22.689321517944336,
        22.34758758544922,
        22.032663345336914,
        21.7398738861084
      ],
      "tenth_forward_loss": 21.7398738861084
    },
    {
      "final_forward_loss": 3.530749559402466,
      "initial_learning_rate": 10.0,
      "initial_loss": 26.271400451660156,
      "iterations": 10,
      "loss_before_each_update": [
        26.271400451660156,
        16.813697814941406,
        12.394339561462402,
        9.697248458862305,
        7.854771614074707,
        6.512506008148193,
        5.492434024810791,
        4.693441390991211,
        4.053155899047852,
        3.530749559402466
      ],
      "tenth_forward_loss": 3.530749559402466
    },
    {
      "final_forward_loss": 2.456220980323299e-23,
      "initial_learning_rate": 100.0,
      "initial_loss": 26.271400451660156,
      "iterations": 10,
      "loss_before_each_update": [
        26.271400451660156,
        26.271400451660156,
        4.50745964050293,
        0.10787364840507507,
        1.152565672262807e-16,
        1.2846064248136e-18,
        4.325721303183025e-20,
        2.5768620844039235e-21,
        2.2105980303211915e-22,
        2.456220980323299e-23
      ],
      "tenth_forward_loss": 2.456220980323299e-23
    },
    {
      "final_forward_loss": 2.4350128106110976e+18,
      "initial_learning_rate": 1000.0,
      "initial_loss": 26.271400451660156,
      "iterations": 10,
      "loss_before_each_update": [
        26.271400451660156,
        9483.9765625,
        1638032.0,
        182213568.0,
        14759298048.0,
        931480731648.0,
        47819176017920.0,
        2057385703112704.0,
        7.583085165648282e+16,
        2.4350128106110976e+18
      ],
      "tenth_forward_loss": 2.4350128106110976e+18
    }
  ],
  "seed": 0
}
