{
  "input_path": "data/owt_train.txt",
  "elapsed_seconds": 3477.5886071110144,
  "start_peak_rss_mb": 13.42578125,
  "peak_rss_mb": 101534.8671875,
  "peak_rss_increase_mb": 101521.44140625,
  "requested_vocab_size": 32000,
  "vocab_size": 32000,
  "num_merges": 31743,
  "longest_token_id": 25822,
  "longest_token": "횄횂횄횂횄횂횄횂횄횂횄횂횄횂횄횂횄횂횄횂횄횂횄횂횄횂횄횂횄횂횄횂",
  "longest_token_hex": "c383c382c383c382c383c382c383c382c383c382c383c382c383c382c383c382c383c382c383c382c383c382c383c382c383c382c383c382c383c382c383c382",
  "longest_token_len": 64,
  "special_tokens": [
    "<|endoftext|>"
  ]
}
